city,country,continent,months,image,description
Ha Noi,Vietnam,Asia,"March, October, November",images/ha-noi.jpg,"Urban, Vietnamese, imperial, historic, and Old Quarter."
Mu Cang Chai,Vietnam,Asia,"January, February, September",images/mu-cang-chai.jpg,"Mountainous, Hmong, ethnic, tranquil, and rice terraces."
Sa Pa,Vietnam,Asia,"January, February, December",images/sa-pa.jpg,"Mountainous, Hmong, ethnic, tranquil, and rice terraces."
Ninh Binh,Vietnam,Asia,"March, April, May",images/ninh-binh.jpg,"Karst, Vietnamese, imperial, serene, and riverlands."
Hue,Vietnam,Asia,"March, April, May",images/hue.jpg,"Riverine, Vietnamese, imperial, historic, and citadel."
Da Nang,Vietnam,Asia,"June, July, August",images/da-nang.jpg,"Coastal, Vietnamese, Cham, modern, and Marble Mountains."
Ho Chi Minh City,Vietnam,Asia,"January, February, December",images/ho-chi-minh-city.jpg,"Urban, Vietnamese, colonial, bustling, and cosmopolitan."
Nha Trang,Vietnam,Asia,"June, July, August",images/nha-trang.jpg,"Coastal, Vietnamese, Cham, lively, and resort-oriented."
Con Dao,Vietnam,Asia,"March, April, May",images/con-dao.jpg,"Island, Vietnamese, colonial, remote, and prison islands."
Hai Phong,Vietnam,Asia,"May, June, October",images/hai-phong.jpg,"Coastal, Vietnamese, colonial, industrial, and port city."
Quang Ninh,Vietnam,Asia,"June, July, August",images/quang-ninh.jpg,"Karst, Vietnamese, maritime, scenic, and Ha Long Bay."
Vung Tau,Vietnam,Asia,"January, February, December",images/vung-tau.jpg,"Coastal, Vietnamese, Buddhist, relaxed, and seaside resort."
Phan Thiet,Vietnam,Asia,"June, July, August",images/phan-thiet.jpg,"Coastal, Vietnamese, Cham, laid-back, and sand dunes."
Da Lat,Vietnam,Asia,"January, February, December",images/da-lat.jpg,"Highland, Vietnamese, French, romantic, and flower gardens."
Ha Giang,Vietnam,Asia,"March, October, November",images/ha-giang.jpg,"Mountainous, Hmong, ethnic, rugged, and mountain passes."
Buon Ma Thuot,Vietnam,Asia,"January, February, December",images/buon-ma-thuot.jpg,"Highland, Vietnamese, Ede, laid-back, and coffee."
Phu Quoc,Vietnam,Asia,"March, April, May",images/phu-quoc.jpg,"Island, Vietnamese, Khmer, tropical, and beaches."
Quy Nhon,Vietnam,Asia,"June, July, August",images/quy-nhon.jpg,"Coastal, Vietnamese, Cham, tranquil, and seafood."
Moc Chau,Vietnam,Asia,"January, February, March",images/moc-chau.jpg,"Highland, Thai, Hmong, pastoral, and tea plantations."
Hoi An,Vietnam,Asia,"February, March, April",images/hoi-an.jpg,"Riverine, Vietnamese, Japanese, historic, and lanterns."
Ta Xua,Vietnam,Asia,"January, November, December",images/ta-xua.jpg,"Mountainous, Hmong, ethnic, remote, and sea of clouds."
Phu Quy,Vietnam,Asia,"April, May, June",images/phu-quy-island.jpg,"Island, Vietnamese, Cham, remote, and volcanic."
Ly Son,Vietnam,Asia,"May, June, July",images/ly-son-island.jpg,"Island, Vietnamese, Cham, rugged, and volcanic cliffs."
Phuket,Thailand,Asia,"March, April, May",images/phuket.jpg,"Island, Thai, Sino-Portuguese, lively, and beaches."
Bangkok,Thailand,Asia,"January, February, December",images/bangkok.jpg,"Urban, Thai, Buddhist, bustling, and temples."
Chiang Mai,Thailand,Asia,"January, February, December",images/chiang-mai.jpg,"Highland, Lanna, Buddhist, laid-back, and temples."
Chiang Rai,Thailand,Asia,"January, February, December",images/chiang-rai.jpg,"Highland, Lanna, Buddhist, tranquil, and art."
Sukhothai,Thailand,Asia,"January, November, December",images/sukhothai.jpg,"Plains, Thai, Buddhist, historic, and ancient ruins."
Koh Samui,Thailand,Asia,"June, July, August",images/koh-samui.jpg,"Island, Thai, Buddhist, tropical, and beaches."
Krabi,Thailand,Asia,"January, February, December",images/krabi.jpg,"Karst, Thai, Buddhist, relaxed, and limestone cliffs."
Ayutthaya,Thailand,Asia,"January, November, December",images/ayutthaya.jpg,"Riverine, Thai, Buddhist, historic, and ancient ruins."
Surin Islands,Thailand,Asia,"January, February, December",images/surin-islands.jpg,"Islands, Moken, Thai, pristine, and coral reefs."
Singapore,Singapore,Asia,"February, March, June",images/singapore.jpg,"Urban, multicultural, colonial, cosmopolitan, and skyscrapers."
Penang,Malaysia,Asia,"January, February, December",images/penang.jpg,"Island, Peranakan, colonial, vibrant, and street food."
Langkawi,Malaysia,Asia,"January, February, March",images/langkawi.jpg,"Islands, Malay, mangrove, tranquil, and geoparks."
Kuala Lumpur,Malaysia,Asia,"June, July, August",images/kuala-lumpur.jpg,"Urban, multicultural, modern, bustling, and skyscrapers."
Melaka,Malaysia,Asia,"February, March, June",images/melaka.jpg,"Coastal, Malay, Peranakan, historic, and colonial architecture."
Manila,Philippines,Asia,"February, March, April",images/manila.jpg,"Urban, Filipino, Spanish, bustling, and Intramuros."
El Nido,Philippines,Asia,"February, March, April",images/el-nido.jpg,"Islands, Filipino, coastal, adventurous, and limestone lagoons."
Bohol,Philippines,Asia,"March, April, May",images/bohol.jpg,"Island, Filipino, Spanish, tropical, and Chocolate Hills."
Siargao,Philippines,Asia,"March, April, May",images/siargao.jpg,"Island, Filipino, surfing, laid-back, and palm groves."
Boracay,Philippines,Asia,"January, February, March",images/boracay.jpg,"Island, Filipino, tropical, lively, and White Beach."
Cebu,Philippines,Asia,"March, April, May",images/cebu.jpg,"Island, Filipino, Spanish, lively, and waterfalls."
Lombok,Indonesia,Asia,"July, August, September",images/lombok.jpg,"Island, Sasak, Muslim, rugged, and Mount Rinjani."
Labuan Bajo,Indonesia,Asia,"April, May, June",images/labuan-bajo.jpg,"Coastal, Manggarai, Muslim-Christian, adventurous, and Komodo dragons."
Bandung,Indonesia,Asia,"June, July, August",images/bandung.jpg,"Highland, Sundanese, Dutch, lively, and volcanic landscapes."
Jakarta,Indonesia,Asia,"June, July, August",images/jakarta.jpg,"Urban, Indonesian, multicultural, bustling, and megacity."
Bali,Indonesia,Asia,"June, July, August",images/bali.jpg,"Island, Balinese, Hindu, vibrant, and rice terraces."
Raja Ampat,Indonesia,Asia,"October, November, December",images/raja-ampat.jpg,"Islands, Papuan, maritime, remote, and coral reefs."
Beijing,China,Asia,"September, October, November",images/beijing.jpg,"Urban, Chinese, imperial, historic, and palaces."
Shanghai,China,Asia,"April, October, November",images/shanghai.jpg,"Urban, Chinese, colonial, cosmopolitan, and skyline."
Hangzhou,China,Asia,"April, October, November",images/hangzhou.jpg,"Lakeside, Chinese, Song, serene, and tea plantations."
Suzhou,China,Asia,"April, May, October",images/suzhou.jpg,"Riverine, Chinese, classical, elegant, and gardens."
Xi'an,China,Asia,"April, May, October",images/xi-an.jpg,"Urban, Chinese, imperial, historic, and Silk Road."
Chengdu,China,Asia,"March, April, October",images/chengdu.jpg,"Basin, Sichuanese, Taoist, laid-back, and giant pandas."
Zhangjiajie,China,Asia,"April, May, October",images/zhangjiajie.jpg,"Mountains, Tujia, ethnic, dramatic, and sandstone pillars."
Dunhuang,China,Asia,"May, September, October",images/dunhuang.jpg,"Desert, Chinese, Buddhist, historic, and Mogao Caves."
Kunming,China,Asia,"March, April, October",images/kunming.jpg,"Highland, Chinese, Yunnanese, relaxed, and springlike."
Harbin,China,Asia,"January, February, December",images/harbin.jpg,"Urban, Chinese, Russian, wintry, and ice sculptures."
Urumqi,China,Asia,"June, July, August",images/urumqi.jpg,"Highland, Uyghur, Silk Road, cosmopolitan, and Tian Shan."
Shangri-La,China,Asia,"June, July, August",images/shangri-la.jpg,"Highland, Tibetan, Buddhist, tranquil, and monasteries."
Chongqing,China,Asia,"March, October, November",images/chongqing.jpg,"Mountainous, Chinese, Ba-Yu, bustling, and hotpot."
Guilin,China,Asia,"April, May, October",images/guilin.jpg,"Karst, Chinese, Zhuang, tranquil, and Li River."
Jiuzhaigou,China,Asia,"April, October, November",images/jiuzhaigou.jpg,"Valleys, Tibetan, Qiang, pristine, and turquoise lakes."
Qingdao,China,Asia,"July, August, September",images/qingdao.jpg,"Coastal, Chinese, German, lively, and seaside architecture."
Nanjing,China,Asia,"April, October, November",images/nanjing.jpg,"Urban, Chinese, imperial, historic, and city walls."
Luoyang,China,Asia,"April, May, October",images/luoyang.jpg,"Riverine, Chinese, imperial, historic, and Longmen Grottoes."
Guizhou,China,Asia,"May, June, October",images/guizhou.jpg,"Mountains, Miao, Dong, remote, and karst landscapes."
Gansu,China,Asia,"May, June, September",images/gansu.jpg,"Desert, Chinese, Silk Road, rugged, and ancient corridors."
Lijiang,China,Asia,"March, April, May",images/lijiang.jpg,"Mountains, Naxi, Dongba, historic, and Jade Dragon Snow Mountain."
Ordos,China,Asia,"June, July, August",images/ordos.jpg,"Desert, Mongolian, nomadic, remote, and Kubuqi Desert."
Okinawa,Japan,Asia,"June, July, August",images/okinawa.jpg,"Islands, Ryukyuan, Japanese, tropical, and coral reefs."
Hokkaido,Japan,Asia,"January, February, July",images/hokkaido.jpg,"Island, Ainu, Japanese, expansive, and winter landscapes."
Sapporo,Japan,Asia,"January, February, July",images/sapporo.jpg,"Urban, Japanese, Ainu, modern, and snow festivals."
Osaka,Japan,Asia,"April, October, November",images/osaka.jpg,"Urban, Japanese, merchant, lively, and street food."
Hakone,Japan,Asia,"April, November, December",images/hakone.jpg,"Mountains, Japanese, hot springs, tranquil, and Mount Fuji."
Nikko,Japan,Asia,"April, October, November",images/nikko.jpg,"Mountains, Japanese, Buddhist, serene, and Toshogu Shrine."
Takayama,Japan,Asia,"January, April, October",images/takayama.jpg,"Mountains, Japanese, Hida, traditional, and old town."
Kanazawa,Japan,Asia,"April, October, November",images/kanazawa.jpg,"Coastal, Japanese, samurai, refined, and Kenrokuen Garden."
Kyoto,Japan,Asia,"April, November, December",images/kyoto.jpg,"Urban, Japanese, imperial, traditional, and temples."
Uji,Japan,Asia,"April, May, November",images/uji.jpg,"Riverine, Japanese, Buddhist, tranquil, and tea culture."
Nara,Japan,Asia,"April, October, November",images/nara.jpg,"Urban, Japanese, Buddhist, historic, and sacred deer."
Kobe,Japan,Asia,"April, October, November",images/kobe.jpg,"Coastal, Japanese, cosmopolitan, refined, and harbor views."
Miyazaki,Japan,Asia,"May, June, July",images/miyazaki.jpg,"Coastal, Japanese, Shinto, tranquil, and subtropical landscapes."
Hiroshima,Japan,Asia,"April, October, November",images/hiroshima.jpg,"Coastal, Japanese, historic, reflective, and Peace Memorial."
Fukuoka,Japan,Asia,"April, October, November",images/fukuoka.jpg,"Coastal, Japanese, Kyushu, lively, and street food."
Yamanashi,Japan,Asia,"April, October, November",images/yamanashi.jpg,"Mountains, Japanese, rural, serene, and Mount Fuji."
Nagano,Japan,Asia,"January, February, October",images/nagano.jpg,"Mountains, Japanese, Buddhist, tranquil, and alpine landscapes."
Wakayama,Japan,Asia,"May, June, October",images/wakayama.jpg,"Coastal, Japanese, Buddhist, tranquil, and Kii Peninsula."
Kawagoe,Japan,Asia,"April, October, November",images/kawagoe.jpg,"Urban, Japanese, Edo, historic, and warehouse district."
Enoshima,Japan,Asia,"June, July, August",images/enoshima-island.jpg,"Island, Japanese, Shinto, lively, and seaside shrine."
Kamakura,Japan,Asia,"April, June, October",images/kamakura.jpg,"Coastal, Japanese, Buddhist, historic, and Great Buddha."
Tokyo,Japan,Asia,"April, October, November",images/tokyo.jpg,"Urban, Japanese, cosmopolitan, bustling, and neon districts."
Taipei,Taiwan,Asia,"March, November, December",images/taipei-city.jpg,"Urban, Taiwanese, Chinese, lively, and night markets."
Taichung,Taiwan,Asia,"March, November, December",images/taichung-city.jpg,"Urban, Taiwanese, Japanese, relaxed, and arts scene."
Hualien,Taiwan,Asia,"April, May, October",images/hualien.jpg,"Coastal, Taiwanese, Indigenous, tranquil, and Taroko Gorge."
Kaohsiung,Taiwan,Asia,"April, October, November",images/kaohsiung-city.jpg,"Coastal, Taiwanese, maritime, vibrant, and harbor."
Seoul,South Korea,Asia,"April, October, November",images/seoul.jpg,"Urban, Korean, royal, bustling, and contemporary culture."
Busan,South Korea,Asia,"April, October, November",images/busan.jpg,"Coastal, Korean, maritime, lively, and beaches."
Gyeongju,South Korea,Asia,"April, October, November",images/gyeongju.jpg,"Urban, Korean, Silla, historic, and ancient tombs."
Andong,South Korea,Asia,"April, May, October",images/andong.jpg,"Riverine, Korean, Confucian, traditional, and mask culture."
Jeonju,South Korea,Asia,"April, October, November",images/jeonju.jpg,"Urban, Korean, Confucian, historic, and hanok village."
Sokcho,South Korea,Asia,"April, October, November",images/sokcho.jpg,"Coastal, Korean, Buddhist, laid-back, and Seoraksan."
Jeju,South Korea,Asia,"April, May, October",images/jeju-island.jpg,"Island, Korean, volcanic, tranquil, and lava landscapes."
Varanasi,India,Asia,"January, November, December",images/varanasi.jpg,"Riverine, Indian, Hindu, spiritual, and ghats."
Mumbai,India,Asia,"January, November, December",images/mumbai.jpg,"Coastal, Indian, colonial, bustling, and Bollywood."
Udaipur,India,Asia,"October, November, December",images/udaipur.jpg,"Lakeside, Rajput, Hindu, romantic, and palaces."
Jodhpur,India,Asia,"January, November, December",images/jodhpur.jpg,"Desert, Rajput, Hindu, historic, and Blue City."
Jaisalmer,India,Asia,"March, October, November",images/jaisalmer.jpg,"Desert, Rajput, Hindu, historic, and Golden City."
Amritsar,India,Asia,"October, November, December",images/amritsar.jpg,"Urban, Sikh, Punjabi, spiritual, and Golden Temple."
Kolkata,India,Asia,"October, November, December",images/kolkata.jpg,"Urban, Bengali, colonial, cultural, and literary heritage."
Goa,India,Asia,"January, February, December",images/goa.jpg,"Coastal, Goan, Portuguese, laid-back, and beaches."
Ladakh,India,Asia,"June, July, August",images/ladakh.jpg,"Mountains, Ladakhi, Buddhist, remote, and high-altitude deserts."
Sikkim,India,Asia,"April, October, November",images/sikkim.jpg,"Mountains, Sikkimese, Buddhist, tranquil, and Himalayan peaks."
Kerala,India,Asia,"January, February, December",images/kerala.jpg,"Coastal, Malayali, Hindu, tropical, and backwaters."
Delhi,India,Asia,"January, November, December",images/delhi.jpg,"Urban, Indian, Mughal, bustling, and historic monuments."
Agra,India,Asia,"January, November, December",images/agra.jpg,"Riverine, Indian, Mughal, historic, and Taj Mahal."
Jaipur,India,Asia,"January, November, December",images/jaipur.jpg,"Desert, Rajput, Hindu, vibrant, and Pink City."
Kathmandu,Nepal,Asia,"March, October, November",images/kathmandu.jpg,"Valley, Nepali, Hindu-Buddhist, bustling, and ancient temples."
Bandipur,Nepal,Asia,"March, October, November",images/bandipur.jpg,"Hills, Newar, Hindu, tranquil, and preserved architecture."
Nagarkot,Nepal,Asia,"March, October, November",images/nagarkot.jpg,"Mountains, Nepali, Hindu, serene, and Himalayan views."
Pokhara,Nepal,Asia,"March, October, November",images/pokhara.jpg,"Lakeside, Nepali, Gurung, relaxed, and Annapurna views."
Paro,Bhutan,Asia,"April, October, November",images/paro.jpg,"Valley, Bhutanese, Buddhist, serene, and Tiger's Nest."
Thimphu,Bhutan,Asia,"April, October, November",images/thimphu.jpg,"Valley, Bhutanese, Buddhist, tranquil, and Himalayan culture."
Punakha,Bhutan,Asia,"March, April, October",images/punakha.jpg,"Valley, Bhutanese, Buddhist, serene, and Punakha Dzong."
Almaty,Kazakhstan,Asia,"May, September, October",images/almaty.jpg,"Mountains, Kazakh, Soviet, cosmopolitan, and apple orchards."
Astana,Kazakhstan,Asia,"June, July, August",images/astana.jpg,"Steppe, Kazakh, modern, futuristic, and avant-garde architecture."
Karakol,Kyrgyzstan,Asia,"July, August, September",images/karakol.jpg,"Mountains, Kyrgyz, Russian, laid-back, and alpine landscapes."
Issyk-Kul,Kyrgyzstan,Asia,"July, August, September",images/issyk-kul.jpg,"Lake, Kyrgyz, nomadic, tranquil, and alpine scenery."
Naryn,Kyrgyzstan,Asia,"July, August, September",images/naryn.jpg,"Mountains, Kyrgyz, nomadic, remote, and high-altitude valleys."
Bishkek,Kyrgyzstan,Asia,"April, May, September",images/bishkek.jpg,"Urban, Kyrgyz, Soviet, relaxed, and mountain backdrop."
Tashkent,Uzbekistan,Asia,"April, May, October",images/tashkent.jpg,"Urban, Uzbek, Soviet, cosmopolitan, and bazaars."
Khiva,Uzbekistan,Asia,"April, May, September",images/khiva.jpg,"Desert, Uzbek, Islamic, historic, and walled old town."
Bukhara,Uzbekistan,Asia,"April, May, September",images/bukhara.jpg,"Desert, Uzbek, Islamic, historic, and Silk Road."
Samarkand,Uzbekistan,Asia,"April, May, October",images/samarkand.jpg,"Urban, Uzbek, Islamic, historic, and Registan."
Ashgabat,Turkmenistan,Asia,"April, May, October",images/ashgabat.jpg,"Desert, Turkmen, Soviet, monumental, and white marble."
Pamir,Tajikistan,Asia,"July, August, September",images/pamir.jpg,"Mountains, Pamiri, Islamic, remote, and Pamir Highway."
Istanbul,Turkey,Asia,"April, May, October",images/istanbul.jpg,"Urban, Turkish, Ottoman, cosmopolitan, and Bosphorus."
Bodrum,Turkey,Asia,"June, July, August",images/bodrum.jpg,"Coastal, Turkish, Greek, lively, and whitewashed architecture."
Mardin,Turkey,Asia,"April, May, October",images/mardin.jpg,"Hills, Kurdish, Islamic, historic, and stone architecture."
Sanliurfa,Turkey,Asia,"April, May, October",images/sanliurfa.jpg,"Plains, Kurdish, Islamic, historic, and ancient heritage."
Antalya,Turkey,Asia,"June, July, September",images/antalya.jpg,"Coastal, Turkish, Mediterranean, lively, and beaches."
Cappadocia,Turkey,Asia,"April, May, October",images/cappadocia.jpg,"Valleys, Turkish, Byzantine, otherworldly, and fairy chimneys."
Kusadasi,Turkey,Asia,"June, July, September",images/kusadasi.jpg,"Coastal, Turkish, Aegean, lively, and ancient ruins."
Pamukkale,Turkey,Asia,"April, May, October",images/ipamukkale.jpg,"Terraces, Turkish, Roman, serene, and travertine pools."
Ulaanbaatar,Mongolia,Asia,"July, August, September",images/ulaanbaatar.jpg,"Steppe, Mongolian, Buddhist, bustling, and nomadic culture."
Terelj,Mongolia,Asia,"July, August, September",images/terelj.jpg,"Mountains, Mongolian, nomadic, tranquil, and Turtle Rock."
Kharkhorin,Mongolia,Asia,"July, August, September",images/kharkhorin.jpg,"Steppe, Mongolian, imperial, historic, and ancient Karakorum."
Dalanzadgad,Mongolia,Asia,"May, June, September",images/dalanzadgad.jpg,"Desert, Mongolian, nomadic, remote, and Flaming Cliffs."
Gobi,Mongolia,Asia,"May, June, September",images/gobi-desert.jpg,"Desert, Mongolian, nomadic, vast, and sand dunes."
Paris,France,Europe,"April, May, October",images/paris.jpg,"Urban, French, historic, cosmopolitan, and iconic landmarks."
Lyon,France,Europe,"May, September, October",images/lyon.jpg,"Riverine, French, Roman, gastronomic, and Renaissance quarters."
Nice,France,Europe,"June, July, September",images/nice.jpg,"Coastal, French, Mediterranean, vibrant, and Promenade des Anglais."
Bordeaux,France,Europe,"May, June, September",images/bordeaux.jpg,"Riverine, French, wine-producing, elegant, and grand architecture."
Provence,France,Europe,"June, July, September",images/provence.jpg,"Mediterranean, Provençal, Roman, idyllic, and lavender fields."
Cannes,France,Europe,"June, July, September",images/cannes.jpg,"Coastal, French, glamorous, lively, and film festival."
Marseille,France,Europe,"June, July, September",images/marseille.jpg,"Coastal, French, Mediterranean, bustling, and Old Port."
Chamonix,France,Europe,"June, July, September",images/chamonix.jpg,"Mountains, French, Alpine, adventurous, and Mont Blanc."
Toulouse,France,Europe,"May, June, September",images/toulouse.jpg,"Urban, French, Occitan, lively, and pink brick."
Avignon,France,Europe,"May, July, September",images/avignon.jpg,"Riverine, French, papal, historic, and Palais des Papes."
Rome,Italy,Europe,"April, May, October",images/rome.jpg,"Urban, Italian, Roman, historic, and ancient ruins."
Sicily,Italy,Europe,"May, June, September",images/sicily.jpg,"Island, Sicilian, Mediterranean, vibrant, and Mount Etna."
Puglia,Italy,Europe,"June, July, September",images/puglia.jpg,"Coastal, Italian, Mediterranean, rustic, and trulli."
Bellagio,Italy,Europe,"May, June, September",images/bellagio.jpg,"Lakeside, Italian, Lombard, elegant, and Lake Como."
Menaggio,Italy,Europe,"May, June, September",images/menaggio.jpg,"Lakeside, Italian, Lombard, tranquil, and lakefront promenade."
Vernazza,Italy,Europe,"May, June, September",images/vernazza.jpg,"Coastal, Italian, Ligurian, picturesque, and Cinque Terre."
Manarola,Italy,Europe,"May, June, September",images/manarola.jpg,"Coastal, Italian, Ligurian, picturesque, and colorful houses."
Piedmont,Italy,Europe,"May, June, October",images/piedmont.jpg,"Mountains, Italian, Savoyard, refined, and wine country."
Basilicata,Italy,Europe,"May, June, September",images/basilicata.jpg,"Mountains, Italian, Lucanian, rugged, and Matera."
Liguria,Italy,Europe,"May, June, September",images/liguria.jpg,"Coastal, Italian, Ligurian, picturesque, and Riviera."
Florence,Italy,Europe,"April, May, October",images/florence.jpg,"Urban, Italian, Renaissance, artistic, and Duomo."
Venice,Italy,Europe,"April, May, September",images/venice.jpg,"Lagoon, Italian, Venetian, romantic, and canals."
Milan,Italy,Europe,"April, May, September",images/milan.jpg,"Urban, Italian, cosmopolitan, fashionable, and design."
Naples,Italy,Europe,"May, June, September",images/naples.jpg,"Coastal, Italian, Neapolitan, chaotic, and Mount Vesuvius."
Berlin,Germany,Europe,"May, June, September",images/berlin.jpg,"Urban, German, Prussian, alternative, and Berlin Wall."
Baden-Wurttemberg,Germany,Europe,"May, September, October",images/baden-wurttemberg.jpg,"Forests, German, Swabian, picturesque, and Black Forest."
Bavaria,Germany,Europe,"September, October, December",images/bavaria.jpg,"Mountains, German, Bavarian, traditional, and Neuschwanstein."
Heidelberg,Germany,Europe,"April, May, October",images/heidelberg.jpg,"Riverine, German, Romantic, picturesque, and castle ruins."
Dresden,Germany,Europe,"May, September, December",images/dresden.jpg,"Riverine, German, Baroque, cultural, and Zwinger Palace."
Nuremberg,Germany,Europe,"May, September, December",images/nuremberg.jpg,"Urban, German, medieval, historic, and imperial castle."
Munich,Germany,Europe,"September, October, December",images/munich.jpg,"Urban, German, Bavarian, lively, and Oktoberfest."
Hamburg,Germany,Europe,"May, June, September",images/hamburg.jpg,"Coastal, German, maritime, cosmopolitan, and harbor."
Cologne,Germany,Europe,"May, September, December",images/cologne.jpg,"Riverine, German, Roman, lively, and Cologne Cathedral."
Frankfurt,Germany,Europe,"May, September, December",images/frankfurt.jpg,"Urban, German, cosmopolitan, bustling, and skyline."
Madrid,Spain,Europe,"April, May, October",images/madrid.jpg,"Urban, Spanish, royal, lively, and art museums."
Galicia,Spain,Europe,"June, July, September",images/galicia.jpg,"Coastal, Galician, Celtic, rugged, and Santiago de Compostela."
Asturias,Spain,Europe,"June, July, September",images/asturias.jpg,"Coastal, Asturian, Celtic, tranquil, and green mountains."
San Sebastian,Spain,Europe,"June, August, September",images/san-sebastian.jpg,"Coastal, Basque, gastronomic, elegant, and pintxos."
Catalonia,Spain,Europe,"May, June, September",images/catalonia.jpg,"Coastal, Catalan, Mediterranean, vibrant, and Gaudí."
Canary Islands,Spain,Europe,"January, February, March",images/canary-islands.jpg,"Islands, Canarian, Spanish, volcanic, and diverse landscapes."
Balearic Islands,Spain,Europe,"June, July, September",images/balearic-islands.jpg,"Islands, Mediterranean, Spanish, lively, and beach culture."
Toledo,Spain,Europe,"April, May, October",images/toledo.jpg,"Hills, Spanish, medieval, historic, and cathedral."
Barcelona,Spain,Europe,"May, June, September",images/barcelona.jpg,"Coastal, Catalan, cosmopolitan, vibrant, and Gaudí."
Granada,Spain,Europe,"April, May, October",images/granada.jpg,"Mountains, Andalusian, Moorish, historic, and Alhambra."
Moscow,Russia,Europe,"May, June, September",images/moscow.jpg,"Urban, Russian, imperial, bustling, and Kremlin."
Rostov Veliky,Russia,Europe,"May, June, September",images/rostov-veliky.jpg,"Lakeside, Russian, Orthodox, historic, and Kremlin."
Yaroslavl,Russia,Europe,"May, June, September",images/yaroslavl.jpg,"Riverine, Russian, Orthodox, historic, and Golden Ring."
Murmansk,Russia,Europe,"February, March, December",images/murmansk.jpg,"Coastal, Russian, Arctic, rugged, and Northern Lights."
Veliky Novgorod,Russia,Europe,"May, June, September",images/veliky-novgorod.jpg,"Riverine, Russian, medieval, historic, and Kremlin."
Karelia,Russia,Europe,"June, July, September",images/karelia.jpg,"Lakes, Karelian, Russian, remote, and taiga."
Kamchatka,Russia,Europe,"July, August, September",images/kamchatka.jpg,"Volcanoes, Indigenous, Russian, wild, and geysers."
Altai Republic,Russia,Europe,"June, July, September",images/altai-republic.jpg,"Mountains, Altai, Indigenous, remote, and alpine valleys."
Sochi,Russia,Europe,"June, July, August",images/sochi.jpg,"Coastal, Russian, subtropical, lively, and Caucasus Mountains."
Saint Petersburg,Russia,Europe,"June, July, August",images/saint-petersburg.jpg,"Coastal, Russian, imperial, cultural, and grand palaces."
Irkutsk,Russia,Europe,"May, June, September",images/irkutsk.jpg,"Riverine, Russian, Siberian, historic, and Lake Baikal."
Monaco,Monaco,Europe,"May, June, September",images/monaco.jpg,"Coastal, Monegasque, Mediterranean, glamorous, and Monte Carlo."
Tyrol,Austria,Europe,"January, February, July",images/tyrol.jpg,"Mountains, Austrian, Alpine, traditional, and ski resorts."
Styria,Austria,Europe,"May, September, October",images/styria.jpg,"Hills, Austrian, Styrian, pastoral, and wine country."
Hallstatt,Austria,Europe,"May, June, October",images/hallstatt.jpg,"Lakeside, Austrian, Alpine, picturesque, and salt heritage."
Zell am See,Austria,Europe,"January, February, July",images/zell-am-see.jpg,"Lakeside, Austrian, Alpine, resort-oriented, and mountain scenery."
Vienna,Austria,Europe,"April, May, December",images/vienna.jpg,"Urban, Austrian, imperial, elegant, and classical music."
Salzburg,Austria,Europe,"May, August, December",images/salzburg.jpg,"Alpine, Austrian, Baroque, refined, and Mozart."
Innsbruck,Austria,Europe,"January, February, July",images/innsbruck.jpg,"Mountains, Austrian, Alpine, lively, and Golden Roof."
Graz,Austria,Europe,"May, September, October",images/graz.jpg,"Urban, Austrian, Styrian, relaxed, and Renaissance architecture."
Prague,Czechia,Europe,"April, May, December",images/prague.jpg,"Urban, Czech, medieval, atmospheric, and castle."
Karlovy Vary,Czechia,Europe,"May, June, September",images/karlovy-vary.jpg,"Hills, Czech, Bohemian, elegant, and thermal springs."
Cesky Krumlov,Czechia,Europe,"May, June, September",images/cesky-krumlov.jpg,"Riverine, Czech, medieval, picturesque, and castle."
Kutna Hora,Czechia,Europe,"April, May, September",images/kutna-hora.jpg,"Urban, Czech, medieval, historic, and bone chapel."
Helsinki,Finland,Europe,"June, July, December",images/helsinki.jpg,"Coastal, Finnish, Nordic, modern, and island archipelago."
Lapland,Finland,Europe,"February, March, December",images/lapland.jpg,"Arctic, Sámi, Finnish, remote, and Northern Lights."
Turku,Finland,Europe,"June, July, August",images/turku.jpg,"Coastal, Finnish, medieval, historic, and archipelago."
Rovaniemi,Finland,Europe,"January, February, December",images/rovaniemi.jpg,"Arctic, Finnish, Sámi, festive, and Santa Claus Village."
Zurich,Switzerland,Europe,"May, June, September",images/zurich.jpg,"Lakeside, Swiss, cosmopolitan, sophisticated, and financial center."
Interlaken,Switzerland,Europe,"June, July, September",images/interlaken.jpg,"Mountains, Swiss, Alpine, adventurous, and adventure sports."
Lauterbrunnen,Switzerland,Europe,"June, July, September",images/lauterbrunnen.jpg,"Valley, Swiss, Alpine, tranquil, and waterfalls."
Grindelwald,Switzerland,Europe,"June, July, September",images/grindelwald.jpg,"Mountains, Swiss, Alpine, scenic, and mountain resorts."
Graubunden,Switzerland,Europe,"January, February, July",images/graubunden.jpg,"Mountains, Swiss, Romansh, traditional, and alpine valleys."
Ticino,Switzerland,Europe,"May, June, September",images/ticino.jpg,"Lakes, Swiss, Italian-speaking, relaxed, and Mediterranean character."
Geneva,Switzerland,Europe,"May, June, September",images/geneva.jpg,"Lakeside, Swiss, international, cosmopolitan, and Jet d'Eau."
Bern,Switzerland,Europe,"May, June, September",images/bern.jpg,"Riverine, Swiss, medieval, tranquil, and Old Town."
Zermatt,Switzerland,Europe,"June, July, August",images/zermatt.jpg,"Mountains, Swiss, Alpine, upscale, and Matterhorn."
Oslo,Norway,Europe,"June, July, August",images/oslo.jpg,"Coastal, Norwegian, Nordic, modern, and fjord landscapes."
Lofoten,Norway,Europe,"February, March, September",images/lofoten.jpg,"Islands, Norwegian, fishing, rugged, and Arctic landscapes."
Svalbard,Norway,Europe,"March, April, October",images/svalbard.jpg,"Arctic, Norwegian, polar, remote, and glaciers."
Flam,Norway,Europe,"June, July, August",images/flam.jpg,"Fjords, Norwegian, tranquil, scenic, and Flåm Railway."
Bergen,Norway,Europe,"June, July, August",images/bergen.jpg,"Coastal, Norwegian, historic, atmospheric, and fjord gateway."
Alesund,Norway,Europe,"June, July, August",images/alesund.jpg,"Coastal, Norwegian, Art Nouveau, picturesque, and island setting."
Stavanger,Norway,Europe,"June, July, August",images/stavanger.jpg,"Coastal, Norwegian, maritime, lively, and Lysefjord."
Tromso,Norway,Europe,"February, March, October",images/tromso.jpg,"Arctic, Norwegian, Sami, lively, and Northern Lights."
Stockholm,Sweden,Europe,"June, July, August",images/stockholm.jpg,"Archipelago, Swedish, royal, cosmopolitan, and island city."
Abisko,Sweden,Europe,"February, March, October",images/abisko.jpg,"Mountains, Sami, Swedish, remote, and Northern Lights."
Gothenburg,Sweden,Europe,"June, July, August",images/gothenburg.jpg,"Coastal, Swedish, maritime, relaxed, and archipelago."
Malmo,Sweden,Europe,"June, July, August",images/malmo.jpg,"Coastal, Swedish, multicultural, modern, and Öresund Bridge."
Uppsala,Sweden,Europe,"April, May, June",images/uppsala.jpg,"Urban, Swedish, academic, historic, and cathedral."
Visby,Sweden,Europe,"June, July, August",images/visby.jpg,"Island, Swedish, medieval, atmospheric, and city walls."
Kiruna,Sweden,Europe,"February, March, December",images/kiruna.jpg,"Arctic, Swedish, Sami, remote, and Icehotel."
Vatican City,Vatican City,Europe,"April, May, October",images/vatican-city.jpg,"Urban, Catholic, Renaissance, monumental, and St. Peter's Basilica."
Budapest,Hungary,Europe,"April, May, October",images/budapest.jpg,"Riverine, Hungarian, imperial, vibrant, and thermal baths."
Tokaj,Hungary,Europe,"May, September, October",images/tokaj.jpg,"Hills, Hungarian, wine-producing, tranquil, and Tokaji wine."
Brasov,Romania,Europe,"May, June, October",images/brasov.jpg,"Mountains, Romanian, Saxon, historic, and medieval old town."
Transylvania,Romania,Europe,"May, June, October",images/transylvania.jpg,"Mountains, Romanian, Saxon, atmospheric, and fortified churches."
Constanta,Romania,Europe,"June, July, August",images/constanta.jpg,"Coastal, Romanian, Roman, lively, and Black Sea."
Oradea,Romania,Europe,"May, June, September",images/oradea.jpg,"Riverine, Romanian, Austro-Hungarian, elegant, and Art Nouveau."
Maramures,Romania,Europe,"May, June, October",images/maramures.jpg,"Mountains, Romanian, traditional, pastoral, and wooden churches."
Bucovina,Romania,Europe,"May, June, October",images/bucovina.jpg,"Hills, Romanian, Orthodox, tranquil, and painted monasteries."
Danube Delta,Romania,Europe,"May, June, September",images/danube-delta.jpg,"Wetlands, Romanian, Lipovan, remote, and birdlife."
Sibiu,Romania,Europe,"May, June, September",images/sibiu.jpg,"Hills, Romanian, Saxon, historic, and Baroque squares."
Cluj-Napoca,Romania,Europe,"May, June, September",images/cluj-napoca.jpg,"Urban, Romanian, Transylvanian, youthful, and cultural scene."
Bucharest,Romania,Europe,"May, June, September",images/bucharest.jpg,"Urban, Romanian, Belle Époque, bustling, and Palace of Parliament."
Sofia,Bulgaria,Europe,"May, June, September",images/sofia.jpg,"Mountains, Bulgarian, Orthodox, cosmopolitan, and cathedrals."
Bansko,Bulgaria,Europe,"January, February, July",images/bansko.jpg,"Mountains, Bulgarian, Orthodox, resort-oriented, and Pirin Mountains."
Plovdiv,Bulgaria,Europe,"May, June, September",images/plovdiv.jpg,"Hills, Bulgarian, Roman, vibrant, and ancient theatre."
Veliko Tarnovo,Bulgaria,Europe,"May, June, September",images/veliko-tarnovo.jpg,"Hills, Bulgarian, medieval, historic, and Tsarevets Fortress."
Varna,Bulgaria,Europe,"June, July, September",images/varna.jpg,"Coastal, Bulgarian, Roman, lively, and Black Sea."
Luxembourg,Luxembourg,Europe,"May, June, September",images/luxembourg.jpg,"Riverine, Luxembourgish, medieval, cosmopolitan, and fortifications."
Vianden,Luxembourg,Europe,"May, June, October",images/vianden.jpg,"Hills, Luxembourgish, medieval, picturesque, and castle."
Eislek,Luxembourg,Europe,"May, June, October",images/eislek.jpg,"Hills, Luxembourgish, rural, tranquil, and Ardennes landscapes."
Mullerthal,Luxembourg,Europe,"May, June, October",images/mullerthal.jpg,"Forests, Luxembourgish, rural, tranquil, and sandstone formations."
Bruges,Belgium,Europe,"April, May, December",images/bruges.jpg,"Canals, Flemish, medieval, romantic, and historic center."
Leuven,Belgium,Europe,"April, May, September",images/leuven.jpg,"Urban, Flemish, medieval, lively, and university culture."
Ghent,Belgium,Europe,"April, May, December",images/ghent.jpg,"Riverine, Flemish, medieval, vibrant, and castle."
Antwerp,Belgium,Europe,"April, May, September",images/antwerp.jpg,"Riverine, Flemish, cosmopolitan, fashionable, and diamonds."
Brussels,Belgium,Europe,"April, May, December",images/brussels.jpg,"Urban, Belgian, European, cosmopolitan, and Grand Place."
Dinant,Belgium,Europe,"May, June, September",images/dinant.jpg,"Riverine, Walloon, medieval, picturesque, and citadel."
Copenhagen,Denmark,Europe,"June, July, August",images/copenhagen.jpg,"Coastal, Danish, royal, cosmopolitan, and cycling culture."
Bornholm,Denmark,Europe,"June, July, August",images/bornholm.jpg,"Island, Danish, Nordic, relaxed, and rocky coastline."
North Jutland,Denmark,Europe,"June, July, August",images/north-jutland.jpg,"Coastal, Danish, Nordic, windswept, and dunes."
Faroe Islands,Denmark,Europe,"June, July, August",images/faroe-islands.jpg,"Islands, Faroese, Nordic, remote, and dramatic cliffs."
Aarhus,Denmark,Europe,"June, July, August",images/aarhus.jpg,"Coastal, Danish, Viking, youthful, and modern architecture."
Odense,Denmark,Europe,"May, June, August",images/odense.jpg,"Urban, Danish, literary, historic, and Hans Christian Andersen."
Skagen,Denmark,Europe,"June, July, August",images/skagen.jpg,"Coastal, Danish, maritime, artistic, and Grenen."
Bratislava,Slovakia,Europe,"May, June, September",images/bratislava.jpg,"Riverine, Slovak, medieval, lively, and castle."
High Tatras,Slovakia,Europe,"January, February, July",images/high-tatras.jpg,"Mountains, Slovak, Alpine, adventurous, and hiking."
Orava,Slovakia,Europe,"May, June, October",images/orava.jpg,"Mountains, Slovak, rural, tranquil, and Orava Castle."
Bojnice,Slovakia,Europe,"May, June, September",images/bojnice.jpg,"Hills, Slovak, medieval, romantic, and castle."
Krakow,Poland,Europe,"April, May, September",images/krakow.jpg,"Urban, Polish, medieval, cultural, and Wawel Castle."
Malbork,Poland,Europe,"May, June, September",images/malbork.jpg,"Riverine, Polish, Teutonic, historic, and medieval castle."
Zakopane,Poland,Europe,"January, February, July",images/zakopane.jpg,"Mountains, Polish, Highlander, lively, and Tatra Mountains."
Masuria,Poland,Europe,"June, July, August",images/masuria.jpg,"Lakes, Polish, rural, tranquil, and sailing."
Bialowieza,Poland,Europe,"May, June, September",images/bialowieza.jpg,"Forests, Polish, traditional, pristine, and European bison."
Warsaw,Poland,Europe,"May, June, September",images/warsaw.jpg,"Urban, Polish, historic, cosmopolitan, and reconstructed Old Town."
Gdansk,Poland,Europe,"June, July, August",images/gdansk.jpg,"Coastal, Polish, Hanseatic, historic, and Baltic waterfront."
Poznan,Poland,Europe,"May, June, September",images/poznan.jpg,"Urban, Polish, medieval, lively, and Renaissance town hall."
Lisbon,Portugal,Europe,"April, May, September",images/lisbon.jpg,"Coastal, Portuguese, maritime, vibrant, and tiled architecture."
Evora,Portugal,Europe,"April, May, October",images/evora.jpg,"Plains, Portuguese, Roman, historic, and Roman temple."
Nazare,Portugal,Europe,"June, July, August",images/nazare.jpg,"Coastal, Portuguese, maritime, lively, and giant waves."
Obidos,Portugal,Europe,"April, May, September",images/obidos.jpg,"Hills, Portuguese, medieval, romantic, and fortified walls."
Azores,Portugal,Europe,"June, July, August",images/azores.jpg,"Islands, Portuguese, volcanic, tranquil, and geothermal landscapes."
Alentejo,Portugal,Europe,"April, May, October",images/alentejo.jpg,"Plains, Portuguese, rural, tranquil, and cork oak landscapes."
Porto,Portugal,Europe,"May, June, September",images/porto.jpg,"Riverine, Portuguese, maritime, atmospheric, and port wine."
Sintra,Portugal,Europe,"April, May, September",images/sintra.jpg,"Hills, Portuguese, Romanticist, dreamy, and palaces."
Algarve,Portugal,Europe,"June, July, September",images/algarve.jpg,"Coastal, Portuguese, Mediterranean, relaxed, and sea cliffs."
Amsterdam,Netherlands,Europe,"April, May, September",images/amsterdam.jpg,"Canals, Dutch, Golden Age, lively, and cycling culture."
Wadden Islands,Netherlands,Europe,"June, July, August",images/wadden-islands.jpg,"Islands, Dutch, Frisian, windswept, and tidal landscapes."
Kinderdijk,Netherlands,Europe,"April, May, September",images/kinderdijk.jpg,"Wetlands, Dutch, historic, serene, and windmills."
Rotterdam,Netherlands,Europe,"May, June, September",images/rotterdam.jpg,"Riverine, Dutch, modern, cosmopolitan, and contemporary architecture."
Utrecht,Netherlands,Europe,"April, May, September",images/utrecht.jpg,"Canals, Dutch, medieval, lively, and wharf cellars."
Den Haag,Netherlands,Europe,"June, July, September",images/den-haag.jpg,"Coastal, Dutch, royal, cosmopolitan, and Peace Palace."
Delft,Netherlands,Europe,"April, May, September",images/delft.jpg,"Canals, Dutch, Golden Age, picturesque, and Delftware."
Novi Sad,Serbia,Europe,"May, June, September",images/novi-sad.jpg,"Riverine, Serbian, Austro-Hungarian, lively, and Petrovaradin Fortress."
Belgrade,Serbia,Europe,"May, June, September",images/belgrade.jpg,"Riverine, Serbian, Ottoman, energetic, and fortress."
Berat,Albania,Europe,"May, June, September",images/berat.jpg,"Hills, Albanian, Ottoman, historic, and whitewashed houses."
Theth,Albania,Europe,"June, July, September",images/theth.jpg,"Mountains, Albanian, traditional, remote, and stone towers."
Korce,Albania,Europe,"May, June, September",images/korce.jpg,"Mountains, Albanian, Ottoman, relaxed, and old bazaar."
Shkoder,Albania,Europe,"May, June, September",images/shkoder.jpg,"Lakeside, Albanian, Ottoman, lively, and Rozafa Castle."
Gjirokaster,Albania,Europe,"May, June, September",images/gjirokaster.jpg,"Hills, Albanian, Ottoman, historic, and stone houses."
Sarande,Albania,Europe,"June, July, September",images/sarande.jpg,"Coastal, Albanian, Mediterranean, lively, and Ionian beaches."
Dubrovnik,Croatia,Europe,"May, June, September",images/dubrovnik.jpg,"Coastal, Croatian, medieval, atmospheric, and city walls."
Dalmatia,Croatia,Europe,"June, July, September",images/dalmatia.jpg,"Coastal, Croatian, Venetian, vibrant, and Adriatic islands."
Hvar,Croatia,Europe,"June, July, September",images/hvar.jpg,"Island, Croatian, Venetian, lively, and lavender fields."
Korcula,Croatia,Europe,"June, July, September",images/korcula.jpg,"Island, Croatian, Venetian, tranquil, and medieval old town."
Zadar,Croatia,Europe,"June, July, September",images/zadar.jpg,"Coastal, Croatian, Roman, atmospheric, and Sea Organ."
Sibenik,Croatia,Europe,"June, July, September",images/sibenik.jpg,"Coastal, Croatian, Venetian, historic, and medieval fortress."
Split,Croatia,Europe,"June, July, September",images/split.jpg,"Coastal, Croatian, Roman, lively, and Diocletian's Palace."
Rovinj,Croatia,Europe,"June, July, September",images/rovinj.jpg,"Coastal, Croatian, Venetian, romantic, and colorful old town."
Zabljak,Montenegro,Europe,"June, July, September",images/zabljak.jpg,"Mountains, Montenegrin, Balkan, adventurous, and Durmitor."
Perast,Montenegro,Europe,"May, June, September",images/perast.jpg,"Coastal, Montenegrin, Venetian, tranquil, and island churches."
Cetinje,Montenegro,Europe,"May, June, September",images/cetinje.jpg,"Mountains, Montenegrin, royal, historic, and former capital."
Athens,Greece,Europe,"April, May, October",images/athens.jpg,"Urban, Greek, ancient, bustling, and Acropolis."
Crete,Greece,Europe,"June, July, September",images/crete.jpg,"Island, Greek, Minoan, diverse, and Samaria Gorge."
Santorini,Greece,Europe,"May, June, September",images/santorini.jpg,"Island, Greek, Cycladic, romantic, and caldera."
Mykonos,Greece,Europe,"June, July, September",images/mykonos.jpg,"Island, Greek, Cycladic, lively, and windmills."
Rhodes,Greece,Europe,"June, July, September",images/rhodes.jpg,"Island, Greek, medieval, vibrant, and Palace of the Grand Master."
Peloponnese,Greece,Europe,"May, June, September",images/peloponnese.jpg,"Peninsula, Greek, ancient, diverse, and archaeological ruins."
Delphi,Greece,Europe,"April, May, October",images/delphi.jpg,"Mountains, Greek, ancient, spiritual, and Oracle of Apollo."
Cyclades,Greece,Europe,"June, July, September",images/cyclades.jpg,"Islands, Greek, Cycladic, picturesque, and whitewashed villages."
Macedonia,Greece,Europe,"May, June, September",images/macedonia.jpg,"Mountains, Greek, Byzantine, diverse, and Mount Olympus."
Epirus,Greece,Europe,"May, June, September",images/epirus.jpg,"Mountains, Greek, Ottoman, rugged, and Zagori villages."
Corfu,Greece,Europe,"June, July, September",images/corfu.jpg,"Island, Greek, Venetian, elegant, and olive groves."
Naxos,Greece,Europe,"June, July, September",images/naxos.jpg,"Island, Greek, Cycladic, relaxed, and mountain villages."
Paros,Greece,Europe,"June, July, September",images/paros.jpg,"Island, Greek, Cycladic, lively, and marble villages."
Nafplio,Greece,Europe,"May, June, September",images/nafplio.jpg,"Coastal, Greek, Venetian, romantic, and Palamidi Fortress."
Sigulda,Latvia,Europe,"May, June, October",images/sigulda.jpg,"Forests, Latvian, medieval, tranquil, and Gauja Valley."
Saaremaa,Estonia,Europe,"June, July, August",images/saaremaa.jpg,"Island, Estonian, Baltic, tranquil, and juniper landscapes."
Viljandi,Estonia,Europe,"May, June, July",images/viljandi.jpg,"Lakeside, Estonian, medieval, laid-back, and folk culture."
Vilnius,Lithuania,Europe,"May, June, September",images/vilnius.jpg,"Urban, Lithuanian, Baroque, atmospheric, and Old Town."
Palanga,Lithuania,Europe,"June, July, August",images/palanga.jpg,"Coastal, Lithuanian, Baltic, relaxed, and sandy beaches."
Kernave,Lithuania,Europe,"May, June, September",images/kernave.jpg,"Riverine, Lithuanian, medieval, tranquil, and archaeological site."
Edinburgh,Scotland,Europe,"May, June, August",images/edinburgh.jpg,"Hills, Scottish, medieval, atmospheric, and castle."
Skye,Scotland,Europe,"May, June, September",images/skye.jpg,"Island, Scottish, Gaelic, rugged, and dramatic landscapes."
Orkney,Scotland,Europe,"June, July, August",images/orkney.jpg,"Islands, Scottish, Neolithic, remote, and ancient sites."
Shetland,Scotland,Europe,"June, July, August",images/shetland.jpg,"Islands, Scottish, Norse, windswept, and seabird colonies."
Argyll,Scotland,Europe,"May, June, September",images/argyll.jpg,"Coastal, Scottish, Gaelic, tranquil, and sea lochs."
Saint Andrews,Scotland,Europe,"May, June, September",images/saint-andrews.jpg,"Coastal, Scottish, medieval, refined, and golf heritage."
Outer Hebrides,Scotland,Europe,"June, July, August",images/outer-hebrides.jpg,"Islands, Scottish, Gaelic, remote, and white-sand beaches."
Glasgow,Scotland,Europe,"May, June, September",images/glasgow.jpg,"Urban, Scottish, industrial, vibrant, and music culture."
Stirling,Scotland,Europe,"May, June, September",images/stirling.jpg,"Hills, Scottish, medieval, historic, and Stirling Castle."
London,England,Europe,"May, June, September",images/london.jpg,"Urban, English, royal, cosmopolitan, and iconic landmarks."
Bath,England,Europe,"April, May, September",images/bath.jpg,"Riverine, English, Roman, elegant, and thermal baths."
Cambridge,England,Europe,"April, May, September",images/cambridge.jpg,"Riverine, English, academic, historic, and university colleges."
Liverpool,England,Europe,"May, June, September",images/liverpool.jpg,"Coastal, English, maritime, vibrant, and music heritage."
Dorset,England,Europe,"June, July, September",images/dorset.jpg,"Coastal, English, rural, tranquil, and Jurassic Coast."
Devon,England,Europe,"June, July, September",images/devon.jpg,"Coastal, English, rural, relaxed, and sandy beaches."
Cotswolds,England,Europe,"May, June, September",images/cotswolds.jpg,"Hills, English, rural, picturesque, and honey-stone villages."
Yorkshire,England,Europe,"May, June, September",images/yorkshire.jpg,"Hills, English, industrial, rugged, and Yorkshire Dales."
Oxford,England,Europe,"April, May, September",images/oxford.jpg,"Riverine, English, academic, historic, and university colleges."
Manchester,England,Europe,"May, June, September",images/manchester.jpg,"Urban, English, industrial, energetic, and football culture."
Bristol,England,Europe,"May, June, September",images/bristol.jpg,"Riverine, English, maritime, creative, and street art."
Pembrokeshire,Wales,Europe,"June, July, September",images/pembrokeshire.jpg,"Coastal, Welsh, rural, tranquil, and coastal path."
Tenby,Wales,Europe,"June, July, September",images/tenby.jpg,"Coastal, Welsh, medieval, relaxed, and colorful harbor."
Llandudno,Wales,Europe,"June, July, September",images/llandudno.jpg,"Coastal, Welsh, Victorian, elegant, and Great Orme."
Anglesey,Wales,Europe,"June, July, September",images/anglesey.jpg,"Island, Welsh, Celtic, tranquil, and coastal landscapes."
Dublin,Ireland,Europe,"May, June, September",images/dublin.jpg,"Coastal, Irish, Georgian, lively, and literary heritage."
Cork,Ireland,Europe,"May, June, September",images/cork.jpg,"Riverine, Irish, maritime, lively, and food culture."
Kerry,Ireland,Europe,"May, June, September",images/kerry.jpg,"Mountains, Irish, Gaelic, rugged, and Ring of Kerry."
Donegal,Ireland,Europe,"June, July, September",images/donegal.jpg,"Coastal, Irish, Gaelic, remote, and dramatic cliffs."
Clare,Ireland,Europe,"June, July, September",images/clare.jpg,"Coastal, Irish, Gaelic, rugged, and Cliffs of Moher."
Aran Islands,Ireland,Europe,"June, July, September",images/aran-islands.jpg,"Islands, Irish, Gaelic, traditional, and stone walls."